f1,precision,recall,rocauc,model
0.7150953412055969,0.8515337705612183,0.6163410544395447,0.7991712093353271,HexGIN
