class,precision,recall,f1-score,support
0,0.6993736951983298,0.8925399644760214,0.7842372220054623,1126.0
1,0.8515337423312883,0.6163410301953819,0.7150953116950026,1126.0
avg / total,0.7754537187648091,0.7544404973357016,0.7496662668502324,2252.0
