f1,precision,recall,rocauc,model
0.586832582950592,0.704856812953949,0.50266432762146,0.6943525671958923,MLP
