class,precision,recall,f1-score,support
0,0.6135265700483091,0.7895204262877442,0.6904854368932039,1126.0
1,0.7048567870485679,0.5026642984014209,0.5868325557283567,1126.0
avg / total,0.6591916785484385,0.6460923623445826,0.6386589963107803,2252.0
