f1,precision,recall,rocauc,model
0.6798081994056702,0.8495339751243591,0.5666074752807617,0.7857716679573059,SAGE
