class,precision,recall,f1-score,support
0,0.6748834110592938,0.8996447602131439,0.7712219261515036,1126.0
1,0.8495339547270306,0.566607460035524,0.6798082045817795,1126.0
avg / total,0.7622086828931623,0.7331261101243339,0.7255150653666416,2252.0
